plant_id,plant,country,region,lat,lon,num_reactors,iso3,pop30_1990,pop30_2000,pop30_2010,pop75_1990,pop75_2000,pop75_2010,pop300_1990,pop300_2000,pop300_2010
0,AGESTA,SWEDEN,Europe - Western,59.206022,18.082872,1,SWE,1290370.0,1430100.0,1500960.0,1749300.0,1943540.0,2039670.0,5013240.0,5227700.0,5471110.0
1,ALMARAZ,SPAIN,Europe - Western,39.8081,-5.69694,2,ESP,48345.2,47108.5,53055.4,387982.0,380366.0,427595.0,17756500.0,18187800.0,20185200.0
2,ANGRA,BRAZIL,America - Latin,-23.007857,-44.458098,3,BRA,129499.0,136945.0,153022.0,1185920.0,1269060.0,1420200.0,39546400.0,44701700.0,50210600.0
3,ARKANSAS ONE,UNITED STATES OF AMERICA,America - Northern,35.31032,-93.231289,2,USA,75433.4,83087.4,91498.0,197016.0,218462.0,240679.0,5603180.0,6226360.0,6866840.0
4,ASCO,SPAIN,Europe - Western,41.2,0.56667,2,ESP,52259.6,52798.8,59487.4,849379.0,884514.0,996212.0,14398500.0,15095600.0,16830700.0
5,ATUCHA,ARGENTINA,America - Latin,-33.968002,-59.20374,2,ARG,133755.0,147876.0,162171.0,1598790.0,1747870.0,1922590.0,17957600.0,19753900.0,21564000.0
6,AVR,GERMANY,Europe - Western,50.903056,6.421111,1,DEU,1562750.0,1623110.0,1623720.0,10809200.0,11209400.0,11299200.0,71747700.0,75061700.0,76803300.0
7,BALAKOVO,RUSSIAN FEDERATION,Europe - Central and Eastern,52.092935,47.956762,4,RUS,275014.0,246607.0,234966.0,561456.0,504864.0,481221.0,8561830.0,8735520.0,8403590.0
8,BARSEBACK,SWEDEN,Europe - Western,55.744444,12.920833,2,SWE,1311470.0,1367250.0,1414410.0,2714440.0,2835740.0,2936350.0,14322300.0,14656900.0,14944100.0
9,BEAVER VALLEY,UNITED STATES OF AMERICA,America - Northern,40.6219,-80.4339,2,USA,405510.0,402735.0,444309.0,3099760.0,3095980.0,3415270.0,20035700.0,20656500.0,22782900.0
10,BELENE,BULGARIA,Europe - Central and Eastern,43.62944,25.189345,2,BGR,219381.0,198844.0,187709.0,1591650.0,1451020.0,1369220.0,24514200.0,22983200.0,21954200.0
11,BELLEVILLE,FRANCE,Europe - Western,47.5075,2.8775,2,FRA,93007.3,94087.6,99715.4,859988.0,868248.0,920199.0,30802000.0,31568500.0,33466400.0
12,BELOYARSKY,RUSSIAN FEDERATION,Europe - Central and Eastern,56.85,61.3167,4,RUS,354917.0,342104.0,328525.0,2497290.0,2413990.0,2319770.0,9629590.0,9448380.0,9052930.0
13,BERKELEY,UNITED KINGDOM,Europe - Western,51.6925,-2.493611,2,GBR,919885.0,933832.0,980568.0,4161570.0,4248630.0,4462070.0,48228300.0,49608700.0,52144200.0
14,BEZNAU,SWITZERLAND,Europe - Western,47.552148,8.228175,2,CHE,966786.0,1036220.0,1091490.0,5227290.0,5588150.0,5848000.0,51820800.0,54299600.0,55934500.0
15,BIBLIS,GERMANY,Europe - Western,49.709305,8.414744,2,DEU,1417970.0,1507860.0,1502600.0,6892210.0,7282490.0,7257690.0,67225800.0,70487100.0,71265900.0
16,BIG ROCK POINT,UNITED STATES OF AMERICA,America - Northern,45.358889,-85.197222,1,USA,47833.6,49856.5,54643.1,184289.0,192899.0,211402.0,4465530.0,4700450.0,5175490.0
17,BILIBINO,RUSSIAN FEDERATION,Europe - Central and Eastern,68.050658,166.539698,4,RUS,305.183,288.958,275.935,2505.34,2450.94,2334.34,35863.9,36419.6,34535.7
18,BLAYAIS,FRANCE,Europe - Western,45.255907,-0.691883,4,FRA,123094.0,130964.0,138711.0,1439210.0,1533530.0,1625600.0,13452700.0,13956500.0,14949600.0
19,BN-350,KAZAKHSTAN,,43.607,51.283,1,KAZ,49687.9,158157.0,167590.0,54288.9,163930.0,173642.0,265382.0,337986.0,352088.0
20,BOHUNICE,SLOVAK REPUBLIC,Europe - Central and Eastern,48.494444,17.681944,5,SVK,363231.0,375246.0,380731.0,2459420.0,2539280.0,2577920.0,38248900.0,38802100.0,38974400.0
21,BONUS,UNITED STATES OF AMERICA,America - Northern,18.366389,-67.268611,1,USA,290708.0,306038.0,319913.0,944526.0,1028090.0,1077300.0,7205840.0,8025120.0,8852240.0
22,BORSSELE,NETHERLANDS,Europe - Western,51.431623,3.717595,1,NLD,424138.0,439182.0,459171.0,5297620.0,5467160.0,5734860.0,69169200.0,71577800.0,74399800.0
23,BRADWELL,UNITED KINGDOM,Europe - Western,51.741389,0.896944,2,GBR,814133.0,825746.0,867585.0,7332110.0,7435970.0,7813190.0,62678800.0,64530100.0,67825700.0
24,BRAIDWOOD,UNITED STATES OF AMERICA,America - Northern,41.2436,-88.2289,2,USA,101823.0,101482.0,112031.0,3299010.0,3543800.0,3919030.0,20784400.0,22610900.0,24967600.0
25,BRENNILIS,FRANCE,Europe - Western,48.3533,-3.872203,1,FRA,148635.0,152257.0,161339.0,1146210.0,1175480.0,1246090.0,8529040.0,8949220.0,9461630.0
26,BROKDORF (KBR),GERMANY,Europe - Western,53.850833,9.344722,1,DEU,322320.0,339284.0,338500.0,3948220.0,4158950.0,4169960.0,32487300.0,33718500.0,34025400.0
27,BROWNS FERRY,UNITED STATES OF AMERICA,America - Northern,34.7042,-87.1186,3,USA,144627.0,155692.0,171690.0,792341.0,861088.0,949678.0,12084100.0,14093000.0,15558300.0
28,BRUCE,CANADA,America - Northern,44.326136,-81.594719,8,CAN,28509.5,30957.8,33890.8,146571.0,160081.0,175530.0,16485400.0,18151800.0,20044100.0
29,BRUNSBUETTEL,GERMANY,Europe - Western,53.891667,9.201667,1,DEU,210615.0,221908.0,222491.0,3357230.0,3536670.0,3551050.0,31249000.0,32526700.0,32841200.0
30,BRUNSWICK,UNITED STATES OF AMERICA,America - Northern,33.9583,-78.0106,2,USA,81207.6,100369.0,110756.0,276982.0,340443.0,375581.0,6584180.0,7918540.0,8737920.0
31,BUGEY,FRANCE,Europe - Western,45.7956,5.27,5,FRA,633423.0,670040.0,710411.0,3298120.0,3462240.0,3670190.0,28688000.0,29784700.0,31495500.0
32,BUSHEHR,"IRAN, ISLAMIC REPUBLIC OF",Asia - Middle East and South,28.828851,50.892757,1,IRN,156625.0,186951.0,210345.0,376669.0,451661.0,506779.0,8157970.0,9888910.0,11819200.0
33,BYRON,UNITED STATES OF AMERICA,America - Northern,42.075,-89.2819,2,USA,201326.0,202842.0,223299.0,897137.0,899351.0,990627.0,18058800.0,19644600.0,21694900.0
34,CALLAWAY,UNITED STATES OF AMERICA,America - Northern,38.7583,-91.7817,1,USA,35076.9,37361.3,41057.5,397857.0,425214.0,467861.0,8619970.0,9070210.0,9999700.0
35,CALVERT CLIFFS,UNITED STATES OF AMERICA,America - Northern,38.4347,-76.4419,2,USA,124278.0,139015.0,153358.0,2133680.0,2338240.0,2581100.0,24120600.0,25922000.0,28615500.0
36,CAORSO,ITALY,Europe - Western,45.07206,9.87214,1,ITA,508301.0,508919.0,535157.0,5833920.0,5838310.0,6139940.0,37410700.0,38015100.0,39997700.0
37,CATAWBA,UNITED STATES OF AMERICA,America - Northern,35.0514,-81.0694,2,USA,523864.0,635459.0,701829.0,1591670.0,1929690.0,2131130.0,13063800.0,15473800.0,17067500.0
38,CATTENOM,FRANCE,Europe - Western,49.4136,6.21639,4,FRA,688205.0,742025.0,799576.0,2914410.0,3070970.0,3222550.0,74983600.0,78173500.0,80408000.0
39,CEFR,CHINA,Asia - Far East,39.740929,116.030139,1,CHN,2514590.0,2885990.0,3083200.0,13545100.0,15749800.0,16823200.0,81160100.0,91306200.0,97528200.0
40,CERNAVODA,ROMANIA,Europe - Central and Eastern,44.322169,28.058041,2,ROU,144504.0,141577.0,135785.0,1217390.0,1185700.0,1134140.0,17659600.0,16522800.0,15645700.0
41,CHANG JIANG,CHINA,Asia - Far East,19.423056,108.8125,2,CHN,155257.0,176788.0,188791.0,915267.0,1060310.0,1132300.0,19836800.0,23572300.0,25621500.0
42,CHAPELCROSS,UNITED KINGDOM,Europe - Western,55.01566,-3.22605,4,GBR,172150.0,178514.0,187362.0,528023.0,547292.0,574248.0,28590600.0,29891600.0,31664700.0
43,CHASNUPP,PAKISTAN,Asia - Middle East and South,32.390929,71.463095,4,PAK,427963.0,548451.0,680970.0,2299060.0,2968260.0,3686880.0,70198600.0,89264100.0,111771000.0
44,CHERNOBYL,UKRAINE,Europe - Central and Eastern,51.389553,30.099147,4,UKR,29149.3,27202.8,25267.4,296737.0,277725.0,258095.0,16960500.0,16238500.0,15175300.0
45,CHIN SHAN,"TAIWAN, CHINA",Asia - Far East,25.286254,121.587677,2,,3850630.0,4263870.0,4638170.0,7838760.0,9017330.0,9802370.0,29644200.0,34080400.0,36758700.0
46,CHINON,FRANCE,Europe - Western,47.230649,0.169521,7,FRA,157520.0,164919.0,174841.0,1486950.0,1555800.0,1649300.0,27084100.0,28029400.0,29709700.0
47,CHOOZ,FRANCE,Europe - Western,50.09,4.78944,3,FRA,187424.0,190349.0,200088.0,2397450.0,2443070.0,2566310.0,72891400.0,75810400.0,78417200.0
48,CIVAUX,FRANCE,Europe - Western,46.456031,0.654284,2,FRA,181132.0,191510.0,202972.0,712129.0,736610.0,780750.0,22042800.0,22778400.0,24146300.0
49,CLINTON,UNITED STATES OF AMERICA,America - Northern,40.1719,-88.8342,1,USA,48945.6,48944.7,53830.3,655508.0,654389.0,719394.0,19676200.0,21361900.0,23586100.0
50,COFRENTES,SPAIN,Europe - Western,39.2167,-1.05,1,ESP,34698.7,35950.1,40488.5,2158270.0,2247850.0,2533050.0,13817900.0,14740200.0,16607600.0
51,COLUMBIA,UNITED STATES OF AMERICA,America - Northern,46.471111,-119.333889,1,USA,80304.9,90534.1,99765.8,296249.0,335851.0,369842.0,6085660.0,7455210.0,8231360.0
52,COMANCHE PEAK,UNITED STATES OF AMERICA,America - Northern,32.2978,-97.785,2,USA,42695.5,53174.8,58744.4,944409.0,1176100.0,1298720.0,8322640.0,10334100.0,11398500.0
53,COOPER,UNITED STATES OF AMERICA,America - Northern,40.3619,-95.6411,1,USA,16763.6,17263.5,18941.9,129561.0,135554.0,149032.0,5829630.0,6163090.0,6802180.0
54,CREYS-MALVILLE,FRANCE,Europe - Western,45.758333,5.472222,1,FRA,290020.0,315344.0,334339.0,3820540.0,4046370.0,4291000.0,32401300.0,33570700.0,35478900.0
55,CRUAS,FRANCE,Europe - Western,44.6314,4.75556,4,FRA,219207.0,232369.0,246286.0,1135680.0,1203550.0,1275600.0,21934900.0,22966600.0,24330700.0
56,CRYSTAL RIVER,UNITED STATES OF AMERICA,America - Northern,28.9572,-82.6989,1,USA,68301.6,85574.4,94302.0,564734.0,704701.0,776100.0,8208280.0,10462800.0,11532000.0
57,CVTR,UNITED STATES OF AMERICA,America - Northern,34.2625,-81.329167,1,USA,126400.0,148856.0,164388.0,767289.0,889941.0,981861.0,13881800.0,16900000.0,18650000.0
58,DAMPIERRE,FRANCE,Europe - Western,47.7339,2.51611,4,FRA,112946.0,114252.0,121083.0,1092400.0,1121730.0,1189150.0,30513900.0,31249000.0,33122300.0
59,DARLINGTON,CANADA,America - Northern,43.869268,-78.722457,4,CAN,373749.0,406269.0,448561.0,3502330.0,4071790.0,4504350.0,14120900.0,15467300.0,17049700.0
60,DAVIS BESSE,UNITED STATES OF AMERICA,America - Northern,41.5972,-83.0864,1,USA,88250.0,91130.9,100532.0,1591550.0,1659760.0,1833630.0,25467300.0,26557600.0,29309000.0
61,DIABLO CANYON,UNITED STATES OF AMERICA,America - Northern,35.2117,-120.854,2,USA,131515.0,142904.0,156854.0,397586.0,431342.0,473770.0,15640300.0,17478200.0,19298600.0
62,DODEWARRD,NETHERLANDS,,51.899722,5.686111,1,NLD,1289490.0,1387710.0,1452520.0,7569980.0,8125800.0,8473750.0,60522100.0,63312900.0,64961000.0
63,DOEL,BELGIUM,Europe - Western,51.325278,4.259356,4,BEL,1414550.0,1468920.0,1542300.0,8338230.0,8619660.0,9035590.0,62266800.0,64743400.0,67013900.0
64,DONALD COOK,UNITED STATES OF AMERICA,America - Northern,41.9761,-86.5664,2,USA,128468.0,135451.0,149313.0,959452.0,1036770.0,1144060.0,26510400.0,28692400.0,31690700.0
65,DOUGLAS POINT,CANADA,America - Northern,44.326667,-81.6,1,CAN,28339.9,30773.7,33689.1,145585.0,158994.0,174334.0,16493100.0,18160000.0,20053200.0
66,DOUNREAY,UNITED KINGDOM,Europe - Western,58.57814,-3.75233,2,GBR,14049.7,14175.3,14851.7,51013.8,51468.9,53921.4,2832190.0,2884250.0,3028910.0
67,DRESDEN,UNITED STATES OF AMERICA,America - Northern,41.3897,-88.2711,3,USA,306135.0,301812.0,333097.0,5615640.0,6105190.0,6753500.0,20846600.0,22674900.0,25039200.0
68,DUANE ARNOLD,UNITED STATES OF AMERICA,America - Northern,42.1006,-91.7772,1,USA,202957.0,208659.0,230302.0,589289.0,607639.0,670628.0,7846230.0,8018350.0,8836580.0
69,DUKOVANY,CZECH REPUBLIC,Europe - Central and Eastern,49.086876,16.13826,4,CZE,259313.0,285450.0,293314.0,1569040.0,1726500.0,1773270.0,40379600.0,40853800.0,41214900.0
70,DUNGENESS,UNITED KINGDOM,Europe - Western,50.913889,0.963889,4,GBR,260979.0,263792.0,277061.0,2710510.0,2740520.0,2882280.0,64978100.0,66581200.0,70105300.0
71,ELK RIVER,UNITED STATES OF AMERICA,America - Northern,45.295172,-93.5567,1,USA,463054.0,507076.0,560687.0,2807990.0,3083660.0,3410140.0,5741960.0,6251040.0,6894470.0
72,EMBALSE,ARGENTINA,America - Latin,-32.232154,-64.443385,1,ARG,66325.0,73475.4,80584.0,272790.0,306417.0,336725.0,3562500.0,3964010.0,4358870.0
73,EMSLAND (KKE),GERMANY,Europe - Western,52.474231,7.317858,1,DEU,435864.0,470606.0,471029.0,3243470.0,3467830.0,3514340.0,60937900.0,63812600.0,64914400.0
74,ENRICO FERMI,UNITED STATES OF AMERICA,America - Northern,41.9633,-83.2586,3,USA,323072.0,337375.0,373160.0,4831060.0,5112790.0,5652930.0,23105800.0,24212500.0,26718500.0
75,FANGCHENGGANG,CHINA,Asia - Far East,21.615298,108.347253,2,CHN,266698.0,303649.0,324411.0,1531080.0,1725150.0,1859300.0,53472600.0,62398900.0,68074600.0
76,FARLEY,UNITED STATES OF AMERICA,America - Northern,31.2228,-85.1125,2,USA,76433.7,85397.3,94052.4,325135.0,371854.0,409308.0,6582380.0,7989280.0,8810470.0
77,FESSENHEIM,FRANCE,Europe - Western,47.9064,7.56528,2,FRA,841308.0,893563.0,927232.0,3784790.0,4019470.0,4186240.0,46348600.0,48748700.0,50140400.0
78,FITZPATRICK,UNITED STATES OF AMERICA,America - Northern,43.5239,-76.3983,1,USA,93160.9,94878.4,104261.0,808132.0,827302.0,908344.0,16714000.0,17971400.0,19800900.0
79,FLAMANVILLE,FRANCE,Europe - Western,49.5358,-1.88139,3,FRA,146580.0,153567.0,162804.0,440331.0,459970.0,482283.0,35590100.0,36398300.0,38346700.0
80,FORSMARK,SWEDEN,Europe - Western,60.402788,18.173758,3,SWE,21071.4,21768.1,22774.8,306450.0,325603.0,341618.0,4825700.0,5037410.0,5274010.0
81,FORT CALHOUN,UNITED STATES OF AMERICA,America - Northern,41.5208,-96.0767,1,USA,262057.0,276199.0,305507.0,810271.0,853916.0,944487.0,4710600.0,4966070.0,5479430.0
82,FORT ST. VRAIN,UNITED STATES OF AMERICA,America - Northern,40.244444,-104.874167,1,USA,250388.0,345676.0,381004.0,1873960.0,2611200.0,2885610.0,3179820.0,4327170.0,4777480.0
83,FUGEN ATR,JAPAN,Asia - Far East,35.754444,136.016389,1,JPN,253521.0,263673.0,264365.0,2448050.0,2521900.0,2528250.0,50392100.0,51649200.0,51765200.0
84,FUKUSHIMA-DAIICHI,JAPAN,Asia - Far East,37.42164,141.034658,6,JPN,147202.0,170201.0,170590.0,1680110.0,1732640.0,1736880.0,50653100.0,52755200.0,52880500.0
85,FUKUSHIMA-DAINI,JAPAN,Asia - Far East,37.316229,141.026181,4,JPN,193878.0,212499.0,213002.0,1552580.0,1602190.0,1606050.0,51053600.0,53173900.0,53300200.0
86,FUQING,CHINA,Asia - Far East,25.448056,119.450556,3,CHN,811965.0,913782.0,976424.0,5759170.0,6548340.0,6996730.0,48361000.0,55773700.0,59924100.0
87,GARIGLIANO,ITALY,Europe - Western,41.258315,13.834781,1,ITA,359926.0,360436.0,378879.0,4483060.0,4544400.0,4779810.0,18611500.0,18675400.0,19635200.0
88,GENKAI,JAPAN,Asia - Far East,33.5167,129.833,4,JPN,260892.0,262461.0,262925.0,4171050.0,4282960.0,4293390.0,31192800.0,30490300.0,31083400.0
89,GENTILLY,CANADA,America - Northern,46.39461,-72.356225,2,CAN,177293.0,179677.0,197902.0,555862.0,598151.0,659087.0,8389970.0,8830950.0,9751190.0
90,GOESGEN,SWITZERLAND,Europe - Western,47.365781,7.967914,1,CHE,839058.0,895449.0,944381.0,5030140.0,5365750.0,5646100.0,50139600.0,52465900.0,54251500.0
91,GOLFECH,FRANCE,Europe - Western,44.10618,0.844447,2,FRA,170818.0,173125.0,183498.0,1187470.0,1269710.0,1345960.0,13983600.0,14628900.0,15747200.0
92,GRAFENRHEINFELD (KKG),GERMANY,Europe - Western,49.984086,10.184669,1,DEU,502966.0,517406.0,515239.0,2432690.0,2521680.0,2511040.0,65037000.0,67465800.0,67586100.0
93,GRAND GULF,UNITED STATES OF AMERICA,America - Northern,32.0075,-91.0481,1,USA,22064.2,23573.8,25968.0,247996.0,264549.0,291556.0,7039640.0,7471240.0,8243410.0
94,GRAVELINES,FRANCE,Europe - Western,51.0161,2.14417,6,FRA,440305.0,439744.0,463778.0,2321100.0,2333140.0,2461330.0,66836900.0,68743300.0,72273700.0
95,GREIFSWALD,GERMANY,Europe - Western,54.140586,13.664422,5,DEU,153361.0,145030.0,144483.0,762483.0,721895.0,718667.0,24628100.0,24806500.0,24850000.0
96,GROHNDE (KWG),GERMANY,Europe - Western,52.035,9.413333,1,DEU,453821.0,482041.0,480240.0,4479210.0,4728120.0,4709470.0,64161100.0,66262600.0,66621000.0
97,GUANGDONG,CHINA,Asia - Far East,22.597144,114.543139,2,CHN,2248060.0,2843290.0,3108290.0,20241900.0,25613400.0,27614300.0,64757000.0,85134500.0,91288100.0
98,GUNDREMMINGEN,GERMANY,Europe - Western,48.5167,10.4,3,DEU,403660.0,428225.0,426522.0,3167890.0,3385220.0,3374060.0,46367800.0,48856000.0,49522300.0
99,H.B. ROBINSON,UNITED STATES OF AMERICA,America - Northern,34.4053,-80.1586,1,USA,68794.1,79909.0,88058.0,610924.0,711013.0,783466.0,11237100.0,13457700.0,14847800.0
100,HADDAM NECK,UNITED STATES OF AMERICA,America - Northern,41.481944,-72.499167,1,USA,513131.0,516059.0,569379.0,3444150.0,3495280.0,3853750.0,39343800.0,40924800.0,45200500.0
101,HAIYANG,CHINA,Asia - Far East,36.708333,121.383333,2,CHN,572371.0,620118.0,662216.0,2904770.0,3156540.0,3371740.0,36147200.0,39052100.0,41715800.0
102,HALLAM,UNITED STATES OF AMERICA,America - Northern,40.55925,-96.784711,1,USA,143338.0,154878.0,171172.0,346556.0,373512.0,412470.0,5367940.0,5673310.0,6262810.0
103,HAMAOKA,JAPAN,Asia - Far East,34.620877,138.144207,5,JPN,576017.0,590205.0,591440.0,2843390.0,2948970.0,2954850.0,77438900.0,80416400.0,80605500.0
104,HARTLEPOOL,UNITED KINGDOM,Europe - Western,54.634824,-1.18081,2,GBR,974294.0,999111.0,1049370.0,2778400.0,2854460.0,2997850.0,30164900.0,31441100.0,33026200.0
105,HATCH,UNITED STATES OF AMERICA,America - Northern,31.9342,-82.3444,2,USA,35117.3,48631.3,53378.1,239685.0,327411.0,359960.0,8795240.0,11188800.0,12342100.0
106,HDR GROSSWELZHEIM,GERMANY,Europe - Western,50.055145,8.984869,1,DEU,1836500.0,1931090.0,1923870.0,5974460.0,6299760.0,6276370.0,70126600.0,73183300.0,73708200.0
107,HEYSHAM,UNITED KINGDOM,Europe - Western,54.029927,-2.914384,4,GBR,616374.0,640438.0,672572.0,4532900.0,4747890.0,4988390.0,37255400.0,38828700.0,41074500.0
108,HIGASHI DORI,JAPAN,Asia - Far East,41.188056,141.390278,1,JPN,75939.2,73265.1,73199.1,665636.0,655458.0,656409.0,9425610.0,9449900.0,9474560.0
109,HINKLEY POINT A,UNITED KINGDOM,Europe - Western,51.208739,-3.133743,2,GBR,457433.0,466511.0,490020.0,3775860.0,3850100.0,4043750.0,44654000.0,45911600.0,48281800.0
110,HINKLEY POINT B,UNITED KINGDOM,Europe - Western,51.209034,-3.127477,2,GBR,460257.0,469359.0,493008.0,3775750.0,3849990.0,4043630.0,44698100.0,45956900.0,48328400.0
111,HONGYANHE,CHINA,Asia - Far East,39.801944,121.475,4,CHN,190123.0,197606.0,211065.0,1766850.0,1841830.0,1967100.0,47920800.0,51763300.0,55273000.0
112,HOPE CREEK,UNITED STATES OF AMERICA,America - Northern,39.4678,-75.5381,1,USA,347048.0,371085.0,410359.0,4407790.0,4676070.0,5167860.0,41232100.0,43557500.0,48119200.0
113,HUMBOLDT BAY,UNITED STATES OF AMERICA,America - Northern,40.741322,-124.209044,1,USA,102640.0,109765.0,120459.0,117827.0,126079.0,138234.0,1621160.0,1864860.0,2047680.0
114,HUNTERSTON A,UNITED KINGDOM,Europe - Western,55.720224,-4.896656,2,GBR,366686.0,380463.0,399969.0,2216830.0,2298500.0,2416050.0,16756300.0,17492800.0,18668600.0
115,HUNTERSTON B,UNITED KINGDOM,Europe - Western,55.722222,-4.89,2,GBR,375978.0,390102.0,410103.0,2228280.0,2310210.0,2428350.0,16768800.0,17505700.0,18681300.0
116,IGNALINA,LITHUANIA,,55.604444,26.56,2,LTU,109016.0,98738.8,92353.0,569695.0,519705.0,487838.0,12778800.0,12156400.0,11519200.0
117,IKATA,JAPAN,Asia - Far East,33.491289,132.309631,3,JPN,142455.0,140091.0,140433.0,1901330.0,1870960.0,1875330.0,28922500.0,29124100.0,29189200.0
118,INDIAN POINT,UNITED STATES OF AMERICA,America - Northern,41.2714,-73.9525,3,USA,947619.0,981213.0,1079650.0,15037100.0,15711500.0,17376200.0,43882200.0,45617300.0,50369700.0
119,ISAR,GERMANY,Europe - Western,48.604532,12.295608,2,DEU,299978.0,314738.0,313911.0,3015940.0,3212450.0,3207240.0,40695900.0,41831800.0,42340300.0
120,JOSE CABRERA,SPAIN,Europe - Western,40.349167,-2.884444,1,ESP,33157.7,34811.2,39226.4,3206870.0,3456120.0,3894370.0,15285700.0,15944300.0,17962400.0
121,JPDR,JAPAN,Asia - Far East,36.458461,140.606342,1,JPN,895469.0,928147.0,930074.0,3922160.0,4109220.0,4117750.0,52772100.0,55009400.0,55137900.0
122,KAIGA,INDIA,Asia - Middle East and South,14.865026,74.438709,4,IND,236436.0,288840.0,336011.0,1807930.0,2181460.0,2538040.0,35497700.0,43529800.0,50642200.0
123,KAKRAPAR,INDIA,Asia - Middle East and South,21.236525,73.350193,4,IND,734920.0,937789.0,1090780.0,6152050.0,7973780.0,9281450.0,74280500.0,93957100.0,109390000.0
124,KALININ,RUSSIAN FEDERATION,Europe - Central and Eastern,57.90525,35.062775,4,RUS,48738.9,46746.2,44554.3,276471.0,266020.0,253938.0,17114300.0,16374400.0,15693900.0
125,KANUPP,PAKISTAN,Asia - Middle East and South,24.845343,66.788517,1,PAK,4334310.0,5715780.0,7170590.0,8682420.0,11534100.0,14461000.0,19337200.0,25170100.0,31379300.0
126,KASHIWAZAKI KARIWA,JAPAN,Asia - Far East,37.431451,138.597852,7,JPN,441254.0,439779.0,440634.0,2137560.0,2139670.0,2144370.0,62329700.0,64848600.0,64999900.0
127,KEWAUNEE,UNITED STATES OF AMERICA,America - Northern,44.3431,-87.5361,1,USA,68771.0,70141.7,77262.8,644479.0,674402.0,744800.0,14543000.0,16003500.0,17672200.0
128,KHMELNITSKI,UKRAINE,Europe - Central and Eastern,50.302462,26.646865,4,UKR,183731.0,183808.0,171175.0,1299740.0,1276300.0,1186900.0,22641400.0,21934500.0,20469200.0
129,KNK,GERMANY,Europe - Western,49.1,8.433,1,DEU,1206620.0,1285570.0,1281350.0,6486230.0,6931110.0,6927230.0,60255200.0,63344000.0,64120200.0
130,KOEBERG,SOUTH AFRICA,Africa,-33.676152,18.433098,2,ZAF,425804.0,432557.0,488554.0,3101590.0,3093880.0,3490540.0,3900770.0,3872590.0,4362550.0
131,KOLA,RUSSIAN FEDERATION,Europe - Central and Eastern,67.466811,32.473832,4,RUS,48794.1,42459.8,40652.0,264855.0,231334.0,221159.0,1121500.0,981487.0,944611.0
132,KORI,"KOREA, REPUBLIC OF",Asia - Far East,35.321269,129.294517,8,KOR,3455300.0,3293550.0,3443400.0,7157130.0,6824910.0,7132010.0,36899100.0,36583300.0,37780800.0
133,KOZLODUY,BULGARIA,Europe - Central and Eastern,43.742627,23.775239,6,BGR,178630.0,162531.0,152691.0,1588320.0,1485060.0,1407320.0,27529400.0,26502900.0,25401900.0
134,KRSKO,SLOVENIA,Europe - Central and Eastern,45.937981,15.516218,1,SVN,288370.0,291195.0,288540.0,2455150.0,2490680.0,2468320.0,23599400.0,23516200.0,24001700.0
135,KRUEMMEL,GERMANY,Europe - Western,53.41,10.408889,1,DEU,1107690.0,1170670.0,1165120.0,4001450.0,4197660.0,4178350.0,38568200.0,39373300.0,39563100.0
136,KUDANKULAM,INDIA,Asia - Middle East and South,8.168889,77.7125,2,IND,578241.0,647573.0,753627.0,3697940.0,4132700.0,4809550.0,38936800.0,43473000.0,50093000.0
137,KUOSHENG,"TAIWAN, CHINA",Asia - Far East,25.202723,121.662638,2,,4662980.0,5204850.0,5660940.0,7910780.0,9105960.0,9898590.0,28023200.0,32218000.0,34776300.0
138,KURSK,RUSSIAN FEDERATION,Europe - Central and Eastern,51.676772,35.606607,5,RUS,180189.0,174915.0,166618.0,996121.0,922750.0,882425.0,16009300.0,14967000.0,14150400.0
139,LACROSSE,UNITED STATES OF AMERICA,America - Northern,43.560062,-91.231485,1,USA,75819.6,77557.8,85400.2,337073.0,345821.0,380575.0,12015800.0,12803700.0,14135100.0
140,LAGUNA VERDE,MEXICO,America - Latin,19.720238,-96.405252,2,MEX,93140.3,98038.8,109263.0,1719250.0,1814370.0,2021010.0,28939500.0,33739500.0,37503500.0
141,LASALLE,UNITED STATES OF AMERICA,America - Northern,41.2439,-88.6708,2,USA,92682.4,90409.4,99746.6,1215100.0,1212630.0,1337850.0,19945800.0,21708000.0,23972400.0
142,LATINA,ITALY,Europe - Western,41.42529,12.807246,1,ITA,417043.0,416879.0,438277.0,3960530.0,3961700.0,4165060.0,18304900.0,18373000.0,19322300.0
143,LEIBSTADT,SWITZERLAND,Europe - Western,47.601314,8.183893,1,CHE,744823.0,796552.0,836411.0,5217250.0,5575210.0,5831050.0,51796900.0,54294600.0,55912300.0
144,LENINGRAD,RUSSIAN FEDERATION,Europe - Central and Eastern,59.846021,29.041052,4,RUS,89667.7,79662.4,75734.4,4244240.0,3789890.0,3627170.0,10286800.0,9503120.0,9282760.0
145,LENINGRAD-2,RUSSIAN FEDERATION,Europe - Central and Eastern,59.8305,29.0571,2,RUS,90667.1,80546.4,76573.8,4338500.0,3875260.0,3709450.0,10287000.0,9502370.0,9281330.0
146,LIMERICK,UNITED STATES OF AMERICA,America - Northern,40.226339,-75.586916,2,USA,866168.0,889857.0,983814.0,7063070.0,7377990.0,8153670.0,42168000.0,44101800.0,48707900.0
147,LINGAO,CHINA,Asia - Far East,22.60611,114.553247,4,CHN,2149870.0,2723510.0,2978930.0,20164900.0,25508800.0,27502300.0,64798900.0,85178800.0,91335400.0
148,LINGEN,GERMANY,Europe - Western,52.482247,7.304518,1,DEU,429802.0,464027.0,464708.0,3233240.0,3457600.0,3505580.0,60803400.0,63680100.0,64782400.0
149,LOVIISA,FINLAND,Europe - Western,60.370582,26.346856,2,FIN,28978.1,29500.0,30490.6,707271.0,725318.0,750353.0,10565800.0,9975110.0,9857120.0
150,LUCENS,SWITZERLAND,Europe - Western,46.692778,6.8275,1,CHE,595136.0,636170.0,678006.0,2450540.0,2599570.0,2762700.0,41229700.0,42803400.0,44757900.0
151,LUNGMEN,"TAIWAN, CHINA",Asia - Far East,25.038611,121.924167,2,,1215800.0,1376220.0,1496450.0,7350400.0,8439270.0,9174270.0,23837500.0,27405600.0,29640300.0
152,MAANSHAN,"TAIWAN, CHINA",Asia - Far East,21.958257,120.751748,2,,21197.6,23315.7,25329.4,372495.0,420677.0,457374.0,10436200.0,12048300.0,13099300.0
153,MADRAS,INDIA,Asia - Middle East and South,12.553056,80.173333,3,IND,479181.0,527283.0,613974.0,9180500.0,10301200.0,12001000.0,48114200.0,55720800.0,64848800.0
154,MAINE YANKEE,UNITED STATES OF AMERICA,America - Northern,43.954023,-69.694494,1,USA,99143.1,99032.8,109327.0,629799.0,642149.0,708911.0,10260800.0,10655600.0,11757400.0
155,MARCOULE,FRANCE,Europe - Western,44.143333,4.709444,3,FRA,443881.0,473187.0,501516.0,1637690.0,1751470.0,1856400.0,20471600.0,21507700.0,22803100.0
156,MCGUIRE,UNITED STATES OF AMERICA,America - Northern,35.4322,-80.9483,2,USA,555028.0,678622.0,749742.0,1811570.0,2205390.0,2435800.0,12974400.0,15252900.0,16821600.0
157,METSAMOR,ARMENIA,Europe - Central and Eastern,40.183594,44.153421,2,ARM,991817.0,838522.0,833815.0,2901690.0,2506560.0,2533920.0,17762900.0,17739000.0,18447000.0
158,MIHAMA,JAPAN,Asia - Far East,35.70253,135.963167,3,JPN,192535.0,199732.0,200216.0,2677560.0,2758250.0,2764770.0,49528500.0,50742400.0,50856300.0
159,MILLSTONE,UNITED STATES OF AMERICA,America - Northern,41.3086,-72.1681,3,USA,271048.0,273452.0,301696.0,2349500.0,2372870.0,2617300.0,37457000.0,38970600.0,43045900.0
160,MOCHOVCE,SLOVAK REPUBLIC,Europe - Central and Eastern,48.26615,18.458943,4,SVK,287838.0,295323.0,299675.0,1968770.0,2031880.0,2040780.0,36676900.0,37364500.0,37349200.0
161,MOL,BELGIUM,Europe - Western,51.22342,5.099126,1,BEL,821986.0,861882.0,906187.0,8623670.0,8948150.0,9370440.0,62531200.0,65249200.0,67081600.0
162,MONJU,JAPAN,Asia - Far East,35.740278,135.988056,1,JPN,222449.0,231323.0,231914.0,2461650.0,2535450.0,2541690.0,49890000.0,51122900.0,51237600.0
163,MONTICELLO,UNITED STATES OF AMERICA,America - Northern,45.3333,-93.8483,1,USA,136952.0,149945.0,165697.0,2241820.0,2464100.0,2724930.0,5834420.0,6347020.0,7001210.0
164,MUEHLEBERG,SWITZERLAND,Europe - Western,46.969029,7.26882,1,CHE,792570.0,837164.0,888974.0,3067570.0,3248480.0,3442050.0,45100300.0,46997100.0,48900200.0
165,MUELHEIM-KAERLICH,GERMANY,Europe - Western,50.408056,7.49,1,DEU,716396.0,751981.0,749135.0,5239550.0,5489810.0,5474180.0,75101300.0,78693200.0,80066300.0
166,MZFR,GERMANY,Europe - Western,49.104247,8.432339,1,DEU,1205750.0,1284580.0,1280350.0,6463160.0,6906020.0,6901630.0,60318700.0,63408500.0,64184900.0
167,NARORA,INDIA,Asia - Middle East and South,28.159867,78.408658,2,IND,1477190.0,1874610.0,2181780.0,10402700.0,13651600.0,15889100.0,115482000.0,153113000.0,178411000.0
168,NECKARWESTHEIM,GERMANY,Europe - Western,49.041749,9.174601,2,DEU,1501390.0,1612580.0,1606760.0,6637260.0,7108340.0,7083460.0,54555300.0,57413200.0,58054100.0
169,NIEDERAICHBACH,GERMANY,Europe - Western,48.604628,12.303986,1,DEU,301518.0,316290.0,315460.0,2975780.0,3168890.0,3163940.0,40674200.0,41806600.0,42317700.0
170,NINE MILE POINT,UNITED STATES OF AMERICA,America - Northern,43.5222,-76.41,2,USA,91682.5,93372.7,102606.0,806980.0,826024.0,906962.0,16670600.0,17927100.0,19751900.0
171,NINGDE,CHINA,Asia - Far East,27.045,120.283333,4,CHN,368916.0,411324.0,439384.0,3234110.0,3644640.0,3892980.0,49826700.0,56971900.0,61043200.0
172,NOGENT,FRANCE,Europe - Western,48.5172,3.52,2,FRA,113353.0,118290.0,125208.0,1650400.0,1691200.0,1792290.0,40201000.0,41199500.0,43501800.0
173,NORTH ANNA,UNITED STATES OF AMERICA,America - Northern,38.0608,-77.7906,2,USA,75570.1,80728.2,89181.9,1267780.0,1389210.0,1533340.0,19539200.0,21443800.0,23662700.0
174,NOVOVORONEZH,RUSSIAN FEDERATION,Europe - Central and Eastern,51.2833,39.2167,5,RUS,143645.0,142585.0,137404.0,1655630.0,1642210.0,1579390.0,14457600.0,13735500.0,13028400.0
175,NOVOVORONEZH-2,RUSSIAN FEDERATION,Europe - Central and Eastern,51.275,39.2,2,RUS,117865.0,116994.0,112717.0,1655500.0,1642210.0,1579380.0,14538100.0,13806300.0,13093800.0
176,OBNINSK,RUSSIAN FEDERATION,Europe - Central and Eastern,55.084167,36.569722,1,RUS,193782.0,188694.0,179525.0,2238900.0,2160150.0,2069740.0,28155800.0,26557700.0,25433600.0
177,OBRIGHEIM,GERMANY,Europe - Western,49.364444,9.076389,1,DEU,783184.0,835432.0,832230.0,6573540.0,7021940.0,6996820.0,62934700.0,65998800.0,66631500.0
178,OCONEE,UNITED STATES OF AMERICA,America - Northern,34.7917,-82.8986,3,USA,148398.0,170816.0,188520.0,964470.0,1117390.0,1232950.0,14040700.0,17017600.0,18777200.0
179,OHI,JAPAN,Asia - Far East,35.541057,135.653948,4,JPN,154200.0,157914.0,158114.0,4497130.0,4609430.0,4619330.0,47688000.0,48790100.0,48900000.0
180,OHMA,JAPAN,Asia - Far East,41.509722,140.910278,1,JPN,60490.5,58950.7,59024.3,683223.0,670618.0,671939.0,9006430.0,9020240.0,9044230.0
181,OLDBURY,UNITED KINGDOM,Europe - Western,51.648671,-2.57107,2,GBR,988520.0,1003530.0,1053760.0,4179620.0,4264670.0,4479000.0,48138500.0,49517300.0,52051100.0
182,OLKILUOTO,FINLAND,Europe - Western,61.236345,21.443385,3,FIN,69497.4,71489.1,74092.6,250947.0,257407.0,266225.0,6412840.0,6625440.0,6851950.0
183,ONAGAWA,JAPAN,Asia - Far East,38.4,141.5,3,JPN,221167.0,228497.0,228774.0,2062910.0,2142830.0,2147680.0,17049900.0,17421200.0,17460900.0
184,OSKARSHAMN,SWEDEN,Europe - Western,57.414743,16.671728,3,SWE,27695.9,26756.1,28081.0,147200.0,144419.0,151507.0,6696270.0,6990520.0,7316000.0
185,OYSTER CREEK,UNITED STATES OF AMERICA,America - Northern,39.8142,-74.2064,1,USA,341283.0,363081.0,400039.0,3158650.0,3357150.0,3704990.0,40751600.0,42632000.0,47095100.0
186,PAKS,HUNGARY,Europe - Central and Eastern,46.5725,18.8542,4,HUN,200052.0,189691.0,184215.0,1360240.0,1334830.0,1299030.0,30316300.0,30176300.0,29964700.0
187,PALISADES,UNITED STATES OF AMERICA,America - Northern,42.3222,-86.3153,1,USA,105979.0,109705.0,120889.0,987890.0,1044080.0,1151410.0,26750800.0,29043500.0,32079500.0
188,PALO VERDE,UNITED STATES OF AMERICA,America - Northern,33.3897,-112.862,3,USA,9435.96,15145.2,16744.4,773850.0,1243180.0,1374860.0,3961030.0,6241850.0,6897930.0
189,PALUEL,FRANCE,Europe - Western,49.8581,0.63306,4,FRA,133534.0,136235.0,144369.0,1390820.0,1422820.0,1507970.0,53658400.0,54795500.0,57785000.0
190,PATHFINDER,UNITED STATES OF AMERICA,America - Northern,43.603611,-96.6375,1,USA,158011.0,167510.0,185167.0,263022.0,278906.0,307977.0,3679360.0,3939280.0,4345750.0
191,PEACH BOTTOM,UNITED STATES OF AMERICA,America - Northern,39.7589,-76.2692,3,USA,293991.0,317509.0,350633.0,4258770.0,4522440.0,4994550.0,41057100.0,43193300.0,47711600.0
192,PENLY,FRANCE,Europe - Western,49.9756,1.21194,2,FRA,168530.0,171890.0,182195.0,1254460.0,1282630.0,1359440.0,54939000.0,56115000.0,59161900.0
193,PERRY,UNITED STATES OF AMERICA,America - Northern,41.8011,-81.1433,1,USA,243290.0,246818.0,272862.0,2094140.0,2124890.0,2349240.0,27677400.0,29386700.0,32440800.0
194,PHILIPPSBURG,GERMANY,Europe - Western,49.25279,8.436948,2,DEU,1609780.0,1712140.0,1706190.0,5934790.0,6328650.0,6315580.0,61971500.0,65082300.0,65856900.0
195,PICKERING,CANADA,America - Northern,43.810436,-79.065926,8,CAN,1744180.0,2032110.0,2249410.0,4519840.0,5278730.0,5841500.0,13436300.0,14761700.0,16274000.0
196,PILGRIM,UNITED STATES OF AMERICA,America - Northern,41.9444,-70.5794,1,USA,245067.0,251305.0,277046.0,4120400.0,4267090.0,4710260.0,18960700.0,19573700.0,21604900.0
197,PIQUA,UNITED STATES OF AMERICA,America - Northern,40.132317,-84.234767,1,USA,206683.0,211602.0,233208.0,1618360.0,1661060.0,1833270.0,24593300.0,25776400.0,28459600.0
198,POINT BEACH,UNITED STATES OF AMERICA,America - Northern,44.2808,-87.5361,2,USA,77913.4,79466.2,87534.0,658154.0,688963.0,760934.0,15262700.0,16795600.0,18547900.0
199,POINT LEPREAU,CANADA,America - Northern,45.068694,-66.454582,1,CAN,18745.5,18868.7,20911.4,171325.0,173518.0,191600.0,2112160.0,2151200.0,2374160.0
200,PRAIRIE ISLAND,UNITED STATES OF AMERICA,America - Northern,44.6194,-92.6331,2,USA,88475.8,95026.3,104821.0,2273950.0,2490840.0,2754680.0,6647380.0,7158770.0,7895600.0
201,QINSHAN,CHINA,Asia - Far East,30.435681,120.947735,9,CHN,1029280.0,1155820.0,1234800.0,10446700.0,11776800.0,12580700.0,93688800.0,105361000.0,112549000.0
202,QUAD CITIES,UNITED STATES OF AMERICA,America - Northern,41.7261,-90.31,2,USA,229875.0,231520.0,255472.0,630053.0,632871.0,697543.0,16732300.0,18227800.0,20132200.0
203,R.E. GINNA,UNITED STATES OF AMERICA,America - Northern,43.277653,-77.309254,1,USA,523434.0,529890.0,583126.0,1190630.0,1210980.0,1330890.0,16558200.0,17870000.0,19688400.0
204,RAJASTHAN,INDIA,Asia - Middle East and South,24.872911,75.620019,8,IND,360875.0,381439.0,443880.0,2994530.0,3486060.0,4057090.0,55657000.0,64985200.0,75634600.0
205,RANCHO SECO-1,UNITED STATES OF AMERICA,America - Northern,38.345278,-121.121667,1,USA,265187.0,284011.0,312952.0,2604350.0,2803290.0,3089200.0,11177300.0,13714000.0,15114200.0
206,RHEINSBERG,GERMANY,Europe - Western,53.146992,12.99015,1,DEU,133520.0,126365.0,125813.0,2515240.0,2447030.0,2437350.0,36248000.0,36152700.0,36180000.0
207,RINGHALS,SWEDEN,Europe - Western,57.260141,12.111538,4,SWE,91086.0,95654.2,100466.0,950040.0,990177.0,1040180.0,10553200.0,10954000.0,11414600.0
208,RIVER BEND,UNITED STATES OF AMERICA,America - Northern,30.7572,-91.3317,1,USA,99221.2,102453.0,113093.0,746425.0,772278.0,852367.0,6429480.0,6847300.0,7555770.0
209,ROLPHTON NPD,CANADA,America - Northern,46.186667,-77.657778,1,CAN,7311.78,7528.35,8225.82,51006.1,55011.2,60339.3,5156960.0,5622160.0,6196830.0
210,ROVNO,UKRAINE,Europe - Central and Eastern,51.328086,25.89903,4,UKR,126735.0,125355.0,116038.0,825677.0,817533.0,758555.0,18511600.0,18081000.0,17128700.0
211,SAINT LAURENT,FRANCE,Europe - Western,47.72,1.5775,2,FRA,233949.0,244870.0,259712.0,1125800.0,1170690.0,1241280.0,28648800.0,29503900.0,31274300.0
212,SALEM,UNITED STATES OF AMERICA,America - Northern,39.4628,-75.5358,2,USA,322350.0,344677.0,381157.0,4363780.0,4630890.0,5117910.0,41235000.0,43568300.0,48131300.0
213,SAN ONOFRE,UNITED STATES OF AMERICA,America - Northern,33.3703,-117.557,3,USA,493139.0,538878.0,594897.0,5740500.0,6274020.0,6929200.0,20601100.0,23206700.0,25653200.0
214,SANMEN,CHINA,Asia - Far East,29.101111,121.641944,2,CHN,514466.0,579498.0,619054.0,4301260.0,4827040.0,5156640.0,60464400.0,68482800.0,73153500.0
215,SANTA MARIA DE GARONA,SPAIN,Europe - Western,42.774412,-3.206815,1,ESP,62570.0,62756.3,70715.9,1939130.0,1904320.0,2145620.0,14375700.0,14666700.0,16438300.0
216,SAXTON,UNITED STATES OF AMERICA,America - Northern,40.226944,-78.241944,1,USA,88225.5,89190.0,98036.8,784688.0,792295.0,871435.0,27599100.0,28655000.0,31611900.0
217,SEABROOK,UNITED STATES OF AMERICA,America - Northern,42.8981,-70.8514,1,USA,367260.0,380275.0,420074.0,3759300.0,3930520.0,4341510.0,16198600.0,16701700.0,18417900.0
218,SELLAFIELD,UNITED KINGDOM,Europe - Western,54.4205,-3.4975,5,GBR,108139.0,111325.0,116792.0,864326.0,900028.0,944636.0,32050200.0,33545900.0,35564300.0
219,SENDAI,JAPAN,Asia - Far East,31.833542,130.189984,2,JPN,225948.0,226526.0,227148.0,1690040.0,1687280.0,1691800.0,14769500.0,14871100.0,14905700.0
220,SEQUOYAH,UNITED STATES OF AMERICA,America - Northern,35.2233,-85.0878,2,USA,341199.0,401534.0,442787.0,762058.0,912404.0,1006020.0,13631400.0,16100500.0,17768800.0
221,SHEARON HARRIS,UNITED STATES OF AMERICA,America - Northern,35.6333,-78.9561,1,USA,276645.0,343340.0,379329.0,1579800.0,1941340.0,2143590.0,12063900.0,14417600.0,15905400.0
222,SHIKA,JAPAN,Asia - Far East,37.05999,136.726869,2,JPN,193940.0,193655.0,193781.0,1926730.0,1943920.0,1948650.0,54789800.0,56515900.0,56646600.0
223,SHIMANE,JAPAN,Asia - Far East,35.539583,132.997495,3,JPN,431264.0,424731.0,425681.0,944488.0,932475.0,934535.0,35292600.0,35741400.0,35824900.0
224,SHIN-WOLSONG,"KOREA, REPUBLIC OF",Asia - Far East,35.721747,129.478471,2,KOR,1318780.0,1256920.0,1314130.0,5324980.0,5112150.0,5343530.0,41695300.0,42765000.0,44318100.0
225,SHIPPINGPORT,UNITED STATES OF AMERICA,America - Northern,40.621111,-80.435278,1,USA,404705.0,401936.0,443428.0,3099810.0,3096040.0,3415330.0,20035900.0,20656400.0,22782800.0
226,SHOREHAM,UNITED STATES OF AMERICA,America - Northern,40.961111,-72.865,1,USA,620779.0,637123.0,703657.0,4553450.0,4692550.0,5185560.0,40757000.0,42401300.0,46833100.0
227,SIZEWELL,UNITED KINGDOM,Europe - Western,52.215,1.61972,3,GBR,184830.0,191200.0,200678.0,1481610.0,1526100.0,1601910.0,61427800.0,63465700.0,66679000.0
228,SMOLENSK,RUSSIAN FEDERATION,Europe - Central and Eastern,54.1667,33.2333,3,RUS,96345.6,92426.5,87971.9,338983.0,327171.0,312105.0,11535500.0,10673300.0,10182100.0
229,SOUTH TEXAS,UNITED STATES OF AMERICA,America - Northern,28.795,-96.0481,2,USA,28476.7,34934.6,38425.0,190015.0,235667.0,259689.0,7756210.0,9837690.0,10859900.0
230,SOUTH UKRAINE,UKRAINE,Europe - Central and Eastern,47.812171,31.217726,3,UKR,150433.0,142930.0,132152.0,626586.0,577581.0,534372.0,22207900.0,21031300.0,19310300.0
231,ST. ALBAN,FRANCE,Europe - Western,45.405,4.75556,2,FRA,565166.0,581892.0,616969.0,3261230.0,3392680.0,3597070.0,23826100.0,24796100.0,26259600.0
232,ST. LAURENT,FRANCE,Europe - Western,47.7203,1.57917,2,FRA,238662.0,249803.0,264943.0,1125040.0,1169870.0,1240420.0,28649500.0,29504400.0,31274900.0
233,ST. LUCIE,UNITED STATES OF AMERICA,America - Northern,27.3486,-80.2464,2,USA,255011.0,311320.0,342852.0,702730.0,871357.0,961337.0,10746400.0,13489000.0,14895100.0
234,STADE,GERMANY,Europe - Western,53.62,9.530833,1,DEU,1058330.0,1113050.0,1107840.0,4290280.0,4521570.0,4550700.0,37564800.0,38740200.0,38997600.0
235,SURRY,UNITED STATES OF AMERICA,America - Northern,37.1656,-76.6983,2,USA,261419.0,375917.0,415111.0,1507960.0,1961970.0,2168020.0,15046900.0,16921200.0,18676100.0
236,SUSQUEHANNA,UNITED STATES OF AMERICA,America - Northern,41.0917,-76.1486,2,USA,281800.0,281341.0,309656.0,1365330.0,1369010.0,1508240.0,45619100.0,47567400.0,52511700.0
237,TAISHAN,CHINA,Asia - Far East,21.917778,112.981944,2,CHN,184476.0,274702.0,293441.0,3794960.0,5076410.0,5502700.0,61722200.0,80251900.0,86074100.0
238,TAKAHAMA,JAPAN,Asia - Far East,35.522563,135.504677,4,JPN,191499.0,196111.0,196360.0,4417200.0,4518790.0,4528080.0,47655000.0,48749100.0,48859100.0
239,TARAPUR,INDIA,Asia - Middle East and South,19.828785,72.661201,4,IND,356672.0,458057.0,534173.0,6036900.0,7790780.0,9082710.0,53975200.0,69925300.0,81418700.0
240,TEMELIN,CZECH REPUBLIC,Europe - Central and Eastern,49.176113,14.3819,2,CZE,254909.0,266455.0,274528.0,991837.0,1050850.0,1079120.0,38903900.0,39456100.0,39959600.0
241,THREE MILE ISLAND,UNITED STATES OF AMERICA,America - Northern,40.1531,-76.725,2,USA,741813.0,758846.0,836770.0,2188280.0,2245640.0,2476740.0,42297800.0,44241300.0,48860000.0
242,THTR,GERMANY,Europe - Western,51.679167,7.971667,1,DEU,1004030.0,1049580.0,1045430.0,7922740.0,8305350.0,8275210.0,71117200.0,74231200.0,75427400.0
243,TIANWAN,CHINA,Asia - Far East,34.687468,119.459851,2,CHN,848937.0,899370.0,960498.0,6005940.0,6371370.0,6804590.0,106586000.0,115666000.0,123553000.0
244,TIHANGE,BELGIUM,Europe - Western,50.533374,5.273377,3,BEL,791654.0,809753.0,848910.0,5677280.0,5833250.0,6080950.0,74484800.0,77617200.0,80049800.0
245,TOKAI,JAPAN,Asia - Far East,36.466624,140.609604,2,JPN,888107.0,920516.0,922427.0,3878610.0,4060940.0,4069380.0,52762100.0,54998500.0,55127000.0
246,TOMARI,JAPAN,Asia - Far East,43.03592,140.513203,3,JPN,74485.2,75763.7,75769.5,1834200.0,1868470.0,1875900.0,6685860.0,6734990.0,6751580.0
247,TORNESS,UNITED KINGDOM,Europe - Western,55.968423,-2.408406,2,GBR,54709.2,55687.9,58398.4,1413310.0,1442980.0,1515530.0,19109500.0,19879100.0,20885600.0
248,TRAWSFYNYDD,UNITED KINGDOM,Europe - Western,52.924864,-3.948439,2,GBR,95887.7,96833.9,101559.0,973233.0,991396.0,1041040.0,42509400.0,44114200.0,46730600.0
249,TRICASTIN,FRANCE,Europe - Western,44.3297,4.73222,4,FRA,274322.0,290696.0,308113.0,1515500.0,1616740.0,1713510.0,21110200.0,22159600.0,23481400.0
250,TRILLO,SPAIN,Europe - Western,40.700464,-2.623286,1,ESP,14678.3,14736.8,16606.5,451616.0,480880.0,541859.0,16219900.0,16744300.0,18854600.0
251,TROJAN,UNITED STATES OF AMERICA,America - Northern,46.038333,-122.885,1,USA,119273.0,136266.0,150083.0,1539140.0,1810270.0,2000450.0,6813980.0,8356280.0,9226420.0
252,TSURUGA,JAPAN,Asia - Far East,35.7497,136.021,2,JPN,251505.0,261624.0,262308.0,2506410.0,2582500.0,2588990.0,50519500.0,51782500.0,51898800.0
253,TURKEY POINT,UNITED STATES OF AMERICA,America - Northern,25.435,-80.3314,2,USA,392478.0,493424.0,546399.0,2336910.0,2946650.0,3262010.0,6244710.0,7779830.0,8559500.0
254,ULCHIN,"KOREA, REPUBLIC OF",Asia - Far East,37.093025,129.383285,6,KOR,80211.4,77066.3,80562.0,611861.0,597166.0,623726.0,41143200.0,45196000.0,47213700.0
255,UNTERWESER,GERMANY,Europe - Western,53.4277,8.480197,1,DEU,510880.0,537030.0,572920.0,2476190.0,2613780.0,2720840.0,43323500.0,45329400.0,45874200.0
256,VAK KAHL,GERMANY,Europe - Western,50.059119,8.987278,1,DEU,1827590.0,1921540.0,1914350.0,5946640.0,6269960.0,6246660.0,70112000.0,73164900.0,73687000.0
257,VALLECITOS,UNITED STATES OF AMERICA,America - Northern,37.613267,-121.840164,1,USA,1067870.0,1328320.0,1466500.0,5332950.0,6961990.0,7686790.0,11190800.0,13706000.0,15106000.0
258,VANDELLOS,SPAIN,Europe - Western,40.950996,0.866517,2,ESP,142085.0,149871.0,168768.0,725213.0,765144.0,861629.0,13630700.0,14307200.0,15986700.0
259,VERMONT YANKEE,UNITED STATES OF AMERICA,America - Northern,42.7803,-72.5158,1,USA,130556.0,133085.0,146514.0,1118770.0,1148730.0,1265250.0,33904600.0,35205900.0,38875300.0
260,VILYUCHINSK,RUSSIAN FEDERATION,Europe - Central and Eastern,59.931389,30.258056,2,RUS,3748080.0,3386340.0,3239450.0,4859170.0,4368660.0,4176880.0,9019310.0,8281210.0,8047670.0
261,VIRGIL C. SUMMER,UNITED STATES OF AMERICA,America - Northern,34.2958,-81.3203,1,USA,102097.0,120274.0,132825.0,788302.0,914897.0,1009410.0,13930400.0,16949100.0,18704000.0
262,VOGTLE,UNITED STATES OF AMERICA,America - Northern,33.1419,-81.7647,2,USA,27952.3,33164.3,36563.5,513151.0,625075.0,689087.0,11277600.0,13988000.0,15438300.0
263,VOLGODONSK,RUSSIAN FEDERATION,Europe - Central and Eastern,47.599342,42.371878,4,RUS,172912.0,171940.0,164724.0,417367.0,412034.0,392358.0,11238700.0,11092900.0,10561400.0
264,WATERFORD,UNITED STATES OF AMERICA,America - Northern,29.995,-90.4711,1,USA,318856.0,331302.0,366342.0,1817550.0,1890930.0,2091020.0,5561060.0,5896630.0,6510880.0
265,WATTS BAR,UNITED STATES OF AMERICA,America - Northern,35.6028,-84.7903,2,USA,72839.0,85917.1,94727.3,721777.0,846611.0,933386.0,14144300.0,16610000.0,18330600.0
266,WINFRITH,UNITED KINGDOM,Europe - Western,50.682,-2.261,1,GBR,470878.0,482616.0,506709.0,2078610.0,2128110.0,2234940.0,41632200.0,42673000.0,44875300.0
267,WOLF CREEK,UNITED STATES OF AMERICA,America - Northern,38.2389,-95.6889,1,USA,11097.7,11930.7,13145.7,143992.0,155087.0,170725.0,6582610.0,7065900.0,7797200.0
268,WOLSONG,"KOREA, REPUBLIC OF",Asia - Far East,35.711463,129.474808,4,KOR,1311070.0,1249580.0,1306450.0,5554080.0,5330530.0,5571790.0,41509600.0,42517000.0,44056900.0
269,WUERGASSEN (KWW),GERMANY,Europe - Western,51.639167,9.391389,1,DEU,329718.0,350549.0,349058.0,3555860.0,3732070.0,3716310.0,67700600.0,70080800.0,70471300.0
270,WYLFA,UNITED KINGDOM,Europe - Western,53.4167,-4.48333,2,GBR,63351.1,63881.4,67050.7,304627.0,308587.0,324078.0,36627600.0,38245600.0,40643400.0
271,YANGJIANG,CHINA,Asia - Far East,21.708333,112.261111,3,CHN,155127.0,202813.0,216504.0,1936720.0,2608260.0,2784830.0,68115100.0,87136800.0,93428600.0
272,YANKEE,UNITED STATES OF AMERICA,America - Northern,42.727839,-72.929108,1,USA,87870.5,89055.3,97915.2,1301620.0,1321600.0,1453400.0,35873400.0,37247000.0,41124300.0
273,YONGGWANG,"KOREA, REPUBLIC OF",Asia - Far East,35.41113,126.41619,6,KOR,167572.0,163871.0,171276.0,3258500.0,3095590.0,3233870.0,42866100.0,46496100.0,48569700.0
274,ZAPOROZHE,UKRAINE,Europe - Central and Eastern,47.511809,34.58546,6,UKR,291358.0,344814.0,319661.0,1691720.0,1650210.0,1534600.0,20624400.0,19361900.0,17990600.0
275,ZION,UNITED STATES OF AMERICA,America - Northern,42.446428,-87.803003,2,USA,491975.0,686516.0,759273.0,6063350.0,7092240.0,7846240.0,19702800.0,21460200.0,23696900.0
